author,reposted_by,timestamp,text,reactions,comments,reposts,media_type,has_image,has_article,post_url
"LvlUp Ventures
LvlUp Ventures",Aaron Golbin,"4d â€¢ 
 4 days ago â€¢ Visible to anyone on or off LinkedIn","VCs, CPG investors, and consumer brand foundersâ€”this event is for you!

ğŸŒï¸â€â™€ï¸LvlUp Ventures East Hampton Invitational
A Mini-Golf Showdown + High-Growth CPG Networking Experience
ğŸ“… June 5 | East Hampton | Part of Hamptons Tech Week

Weâ€™re bringing together the best of venture and consumer for a summer afternoon of friendly competition, high-conviction connections, and curated tastings from some of the most exciting up-and-coming brands. This is not your average Hamptons mixer.

What to Expect:
â›³ A competitive mini-golf tournament (bragging rights included)
ğŸ¤ A founder-investor reception designed for real conversations
ğŸª Gourmet bites + beverages from breakthrough CPG brands
ğŸ Curated gift bags youâ€™ll actually want to take home

Just added:
ğŸ‰joins as our headline sponsorâ€”powering next-gen DTC and omnichannel growth.
ğŸ°will be sweetening up the day with their indulgent creations.
ğŸŒ¿is bringing their better-for-you vibes to the snack table.

Plus tastings from:
ğŸ«â€“ Clean, superfood-powered treats
ğŸª All Heart Baking â€“ Health-forward shortbreads
ğŸ¥œâ€“ Luxe heirloom nuts + dried fruits

ğŸ‘‡ Space is limited. RSVP below to lock in your spot ğŸ‘‡
ğŸ”—

â€¦more",18,5,4,article,False,True,https://www.lvlup.vc/events/east-hampton-invitational
"Adam Ned
Adam Ned",Aaron Golbin,"5d â€¢ 
 5 days ago â€¢ Visible to anyone on or off LinkedIn","ğŸš¨ Are you raising a Pre-Seed or Seed Round? I can put you in front of 15+ top VCs in <5 minutes. No joke.

ğŸ“Œ Like this post & comment your company name + one-liner below! I'll DM you with the next steps!

ğŸ’¡ I know fundraising can be brutal. Thatâ€™s why at LvlUp Ventures, weâ€™re cutting out the cold outreach and helping founders connect with the right investorsâ€”fast, warm, and direct.

We work directly with active investors at,,,,,,, Lâ€™OrÃ©al CVC,, and several others.

Letâ€™s get your startup funded. ğŸš€

â€¦more",796,908,26,,False,False,
"LvlUp Ventures
LvlUp Ventures",Aaron Golbin,"1w â€¢ 
 1 week ago â€¢ Visible to anyone on or off LinkedIn","ğŸš€ What We Look for in Startups at LvlUp Ventures ğŸš€
(From the investorâ€™s perspective)

At LvlUp Ventures, we back Seed-stage startups that are bold enough to think differentlyâ€”and scrappy enough to make it happen.

Hereâ€™s what stands out to us when reviewing new opportunities:

âœ… Clear Problem & Unique Insight
Startups that truly understand the pain point they're solving and bring a fresh, founder-led perspective to the table.

âœ… Early Signs of Traction
This doesn't have to be sky-high revenueâ€”but strong signals like user retention, organic growth, partnerships or early sales channels working well.

âœ… A Sharp, Coachable Team
We love founders who are relentless and receptive. You're the expert in your domainâ€”but open to strategic collaboration.

âœ… Capital Efficiency
Weâ€™re big believers in doing more with less. Efficient execution and thoughtful resource allocation go a long way in this market.

âœ… Platform Potential
Can this product evolve into something bigger? We get excited by businesses with real ecosystem or category-defining potential.

Our team rolls up its sleeves post-investmentâ€”we donâ€™t just write checks, we help you grow through partnerships, channel support, and deep founder-in-residence experience.

If you're building something bold, weâ€™d love to hear from you.

ğŸ”— Apply Now:

â€¦more",44,4,6,article,False,True,https://www.lvlup.vc/apply/funding-application
"Aaron Golbin
Aaron Golbin",,"1w â€¢ 
 1 week ago â€¢ Visible to anyone on or off LinkedIn","Do you want access to a database of 900+ Verified VCs & Angels?

ğŸ“© Want the list?
Just like this post and comment â€œSend me the list!â€ below â€” and Iâ€™ll send it your way.

My colleaguerecently shared a list of 1,200 VC and Angel Investors and the response was huge. So we took it up a notch and further verified the list:

âœ… 900+ active VCs and angel investors
âœ… Every email 100% verified â€” zero bounces
âœ… All investors are currently deploying capital

ğŸ‘‰ Why share this?
Because fundraising shouldnâ€™t be a black box. Founders deserve transparency, tools, and connections to win â€” and Iâ€™m committed to supporting that journey.

ğŸ’¸ Raising funding?
partners with 15+ funds investing at Pre-Seed & Seed. Apply once, get exposure to dozens of active investors.
ğŸ”—

â€¦more",688,"1,530",23,image,True,False,
"Scalafai
Scalafai",Aaron Golbin,"1w â€¢ 
 1 week ago â€¢ Visible to anyone on or off LinkedIn","ğŸŒ… We are excited to announce Scalafai has been accepted into the prestigious NextUp accelerator program by LvlUp Ventures! As a Forbes-recognized top 25 global accelerator, NextUp accepts only 1.6% of startups across thousands of applicants.

We're honored to join this elite community of innovators! Thank you toand the remarkable LvlUp team for believing in our vision and ability to execute!

This marks a pivotal moment in Scalafaiâ€™s mission to help businesses get better results, faster, through our AI-powered goal management platform, Safia. The platform pairs powerful Gen AI with Google Workspace and Microsoft 365 data to bridge the gap between business strategy and day-to-day execution.

NextUp's track record of creating industry leaders comes from their proven playbook and expert mentorship. The results? Portfolio companies achieve 5x average revenue growth within 6 months, with startup failure rates plummeting from 90% to less than 4%.

Followandto stay updated on our progress as we work to solve the challenge that 70% of companies face - effectively connecting strategy to day-to-day work.

Want to experience how AI can transform your goal management and bridge the strategy/execution gap? See for yourself with a free Safia trial available using the link in the comments below! ğŸ‘‡

â€¦more",27,3,6,image,True,False,
Unknown,,Unknown,,0,0,0,,False,False,
Unknown,,Unknown,,0,0,0,,False,False,
Unknown,,Unknown,,0,0,0,,False,False,
Unknown,,Unknown,,0,0,0,,False,False,
Unknown,,Unknown,,0,0,0,,False,False,
Unknown,,Unknown,,0,0,0,,False,False,
Unknown,,Unknown,,0,0,0,,False,False,
Unknown,,Unknown,,0,0,0,,False,False,
Unknown,,Unknown,,0,0,0,,False,False,
"Brandon Maier
Brandon Maier",Aaron Golbin,"2w â€¢ 
 2 weeks ago â€¢ Visible to anyone on or off LinkedIn","The â€œfriends & familyâ€ round is a myth for most founders ğŸ˜² 

No one talks enough about how hard it is to raise at the Pre-Seed and Seed stage when:

You donâ€™t come from Stanford or Harvard
You donâ€™t have a wealthy network
Your deck isnâ€™t getting replies
And your traction is ""early... but promising""

Yet somehow, you're expected to raise hundreds of thousands of dollars to build your MVP, grow your team, or just buy time to focus.

Hereâ€™s the truth: Fundraising at this stage isnâ€™t just hard â€” itâ€™s opaque, inefficient, and often biased toward founders with connections, not capability.

We're combating this at.

Our mission is simple: help great founders raise capital faster â€” not because of who they know, but because of what theyâ€™re building.

We work with 15+ funding partners who actively invest in Pre-Seed and Seed rounds. We donâ€™t charge founders a dime. We make warm intros, host investor events, and even help refine your materials if needed.

If youâ€™re raising â€” or thinking about it â€” apply to our network. One app = exposure to dozens of investors.

ğŸ‘‰ Apply Now:

â€¦more",135,26,11,image,True,False,
"Adam Ned
Adam Ned",Aaron Golbin,"2w â€¢ 
 2 weeks ago â€¢ Visible to anyone on or off LinkedIn","25 Female Investors Every Founder Should Follow on LinkedIn â¤µï¸

These investors are shaping the future of venture capitalâ€”backing game-changing startups, leading funds, and amplifying underrepresented voices. Whether youâ€™re raising, building, or just learning, follow them for sharp insights and major inspiration:

1.â€“ Founder of Backstage Capital, investing in underestimated founders.

2.â€“ Founder of Forerunner Ventures, leading investments in consumer and e-commerce brands.

3.â€“ Founder of Halogen Ventures, backing early-stage consumer tech startups with female founders.

4.â€“ Founding Partner at Female Founders Fund, championing women-led businesses.

5.â€“ Managing Partner at Rethink Impact, the largest VC firm investing in female tech leaders.

6.â€“ Founder of Cake Ventures, focused on demographic change-driven innovation.

7.â€“ Founder of Avid Ventures, investing in global early-stage founders.

8.â€“ CEO of Astia, dedicated to inclusive high-growth entrepreneurship.

9.â€“ Partner at Sequoia Capital and former CEO of Polyvore.

10.â€“ CEO turned investor, supporting data-driven startups.

11.â€“ General Partner at Lightspeed, with a focus on consumer and culture.

12.â€“ GP at Ganas Ventures, investing in community-driven startups.

13.â€“ Co-founder of TMV, backing purposeful companies.

14.â€“ Partner at Google Ventures UK, supporting tech innovation.

15.â€“ Founder of TheVentureCity, a global growth accelerator.

16.â€“ Co-founder of BBG Ventures, backing female-led consumer tech startups.

17.â€“ Founder of Plum Alley, investing in female founders in deep tech and health.

18.â€“ CEO of 500 Global, one of the most active global early-stage investors.

19.â€“ Founder of Illuminate Ventures, backing enterprise cloud startups.

20.â€“ Founder of 37 Angels and a Columbia Business School professor.

21.â€“ Managing Director at Sapphire Partners, investing in VC funds.

22.â€“ General Partner at Felicis Ventures, leading fintech and B2B investments.

23.â€“ Founder of GingerBread Capital, supporting women-led growth businesses.

24.â€“ General Partner at Fika Ventures, focused on data, AI, and automation.

25.â€“ GP at Pioneer Square Labs and PSL Ventures, supporting PNW founders.

ğŸ”³ ğŸ”³ ğŸ”³

Want to connect with more VCs like thisâ€”or even get funded by them?

, we invest in early-stage startups.

We offer funding, hands-on support, and a pipeline of curated resources for founders building the future.

Apply here to be considered:
ğŸ‘‰

â€¦more",257,62,27,image,True,False,
"CornerstoneX 
CornerstoneX",Aaron Golbin,"3w â€¢ Edited â€¢ 
 3 weeks ago â€¢ Edited â€¢ Visible to anyone on or off LinkedIn","ğ—˜ğ˜…ğ—°ğ—¶ğ˜ğ—¶ğ—»ğ—´ ğ—¡ğ—²ğ˜„ğ˜€: ğ—–ğ—¼ğ—¿ğ—»ğ—²ğ—¿ğ˜€ğ˜ğ—¼ğ—»ğ—²ğ—« ğ—ğ—¼ğ—¶ğ—»ğ˜€ ğ—Ÿğ˜ƒğ—¹ğ—¨ğ—½ ğ—©ğ—²ğ—»ğ˜ğ˜‚ğ—¿ğ—²ğ˜€' ğ—£ğ—¼ğ—¿ğ˜ğ—³ğ—¼ğ—¹ğ—¶ğ—¼!

, a scaling AI startup, is thrilled to announce that we have joined the exclusive ğ—¡ğ—²ğ˜…ğ˜ğ—¨ğ—½ ğ—”ğ—°ğ—°ğ—²ğ—¹ğ—²ğ—¿ğ—®ğ˜ğ—¼ğ—¿ byportfolio, one of only 50 companies chosen from thousands of applicants.

Our flagship platform, ğ—›ğ—¢ğ—£ğ—˜ (ğ—›ğ—²ğ—¹ğ—½ğ—¶ğ—»ğ—´ ğ—¢ğ˜ğ—µğ—²ğ—¿ ğ—£ğ—²ğ—¼ğ—½ğ—¹ğ—² ğ—˜ğ—³ğ—³ğ—¶ğ—°ğ—¶ğ—²ğ—»ğ˜ğ—¹ğ˜†), is revolutionizing human-to-technology interaction, enabling conversations as authentic as a FaceTime call while providing real-world automation capabilities.

, Co-Founder of, says, ""CornerstoneX's HOPE technology represents the future of AI-powered human interaction. We're proud to support this visionary team.""

, our Founder & CEO, shares, ""With LvlUp's support, we're poised to take HOPE to the next level, creating a new standard for authentic interactions.""

Stay tuned as we scale globally and transform how businesses engage with customers!



â€¦more",68,24,8,image,True,False,
"LvlUp Ventures
LvlUp Ventures",Aaron Golbin,"3w â€¢ 
 3 weeks ago â€¢ Visible to anyone on or off LinkedIn","ğŸ“£ Startup Founders: Ready to pitch in front of top investors?

LvlUp Ventures is excited to announce our Virtual Pitch Competition on June 4th â€” a unique opportunity to gain exposure, receive investor feedback, and compete for valuable prizes.

ğŸ’¡ Why Apply?
â€¢ Pitch live to a panel of four top-tier investors
â€¢ Gain exposure to an audience of active angels and VCs
â€¢ Be featured in the LvlUp Ventures newsletter (reaching 5,000+ investors)
â€¢ Receive real-time feedback from experienced investors
â€¢ All applicants receive 6 months of Notion FREE

ğŸ“¥ How to Apply:
1. Event Page:
2. Click â€œAttend Eventâ€
3. Youâ€™ll be redirected to our funding application
4. Under the â€œAPPLY TOâ€ section, select â€œLvlUp Ventures Pitch Competition | June 4thâ€

â³ Spots are limited. Donâ€™t miss this opportunity to showcase your startup, get investor exposure, and take your fundraising to the next level.

â€¦more",78,14,12,image,True,False,
"Adam Ned
Adam Ned",Aaron Golbin,"3w â€¢ 
 3 weeks ago â€¢ Visible to anyone on or off LinkedIn","Founders keep telling me theyâ€™re â€œtoo earlyâ€ for VCs ğŸ‘€ 

But more often than not, itâ€™s not the stage thatâ€™s the problem â€” itâ€™s the story.

Investors donâ€™t need millions in revenue.
We need to believe youâ€™re the one to build something big.

When Airbnb was pitching, most investors passed.
The idea sounded niche. Couch-surfing for conferences? Really?

But they reframed it:
â€œPeople are already doing this â€” theyâ€™re just doing it in untrustworthy, fragmented ways. Weâ€™re building the trusted platform.â€

They showed a vision that was WAY bigger than a few air mattresses.
They made the early traction feel inevitable.
They made the pain point obvious.

Suddenly, the â€œtoo earlyâ€ startup became a rocketship ğŸš€

Hereâ€™s the truth:
Youâ€™re not too early.
You just havenâ€™t told a story that makes your future feel inevitable.

If youâ€™re a founder in that zone, I want to hear your pitch.
Even if you only have 20 users.

ğŸ‘‡ Apply Here (We Meet With Every Founder) ğŸ‘‡
ğŸ”—

â€¦more",240,42,14,image,True,False,
"LvlUp Ventures
LvlUp Ventures",Aaron Golbin,"3w â€¢ 
 3 weeks ago â€¢ Visible to anyone on or off LinkedIn","ğŸš¨ Investors: Want to stay ahead of the curve and tap into one of the most active early-stage ecosystems?

Join the LvlUp Investor Network ğŸ‘‡
ğŸ”¹ Get exclusive invites to curated investor events
ğŸ”¹ Discover top-tier startups before they hit the mainstream
ğŸ”¹ Opt into strategic collabs based on your interests
ğŸ”¹ Expand your deal flowâ€”without lifting a finger

We make it easy to plug in. Just fill out this quick form, tell us what you're looking for, and our team will take it from there.

ğŸ”—

Letâ€™s build the futureâ€”together. ğŸ’¡

â€¦more",16,1,5,article,False,True,https://airtable.com/appHH0nL1iTh7pTPO/pagHXgjpQckI6YPa9/form
Unknown,,Unknown,,0,0,0,,False,False,
Unknown,,Unknown,,0,0,0,,False,False,
Unknown,,Unknown,,0,0,0,,False,False,
Unknown,,Unknown,,0,0,0,,False,False,
Unknown,,Unknown,,0,0,0,,False,False,
Unknown,,Unknown,,0,0,0,,False,False,
Unknown,,Unknown,,0,0,0,,False,False,
Unknown,,Unknown,,0,0,0,,False,False,
Unknown,,Unknown,,0,0,0,,False,False,
Unknown,,Unknown,,0,0,0,,False,False,
Unknown,,Unknown,,0,0,0,,False,False,
Unknown,,Unknown,,0,0,0,,False,False,
Unknown,,Unknown,,0,0,0,,False,False,
Unknown,,Unknown,,0,0,0,,False,False,
"Adam Ned
Adam Ned",Aaron Golbin,"1mo â€¢ Edited â€¢ 
 1 month ago â€¢ Edited â€¢ Visible to anyone on or off LinkedIn","ğŸš€ Want access to over $1M in exclusive startup perks? ğŸš€

LvlUp Ventures has partnered with top-tier providers to bring you game-changing offers that will help you scale faster and save thousands!

Want in? Hereâ€™s what to do:
ğŸ’¬ Comment ""Send me the perks!""
â¤ï¸ Like this post
ğŸ”„ Repost so more founders can benefit!
ğŸ“© I'll DM you with details on how to choose and claim your perks! Letâ€™s level up together! ğŸš€

Some of our perks include:
âœ… FreeCloud credits (upon application & approval)
âœ… 6 months free
âœ… 6 months free
âœ… 6 months free
âœ… Freetrial + big discounts
âœ… FreePro trial
âœ… Free+ major discounts on premium plans
âœ… Exclusive offers & premium support from,,,,,,and more!

â€¦more",138,103,30,,False,False,
"Hive3
Hive3",Aaron Golbin,"1mo â€¢ 
 1 month ago â€¢ Visible to anyone on or off LinkedIn","Thanks for having us,Hive3, as part of this great program for startups! ğŸ‘ So far, it's been quite helpful and fun to hear problems, solutions and successes, with more to come. LvlUp Ventures
â€¦more",4,0,0,,False,False,
"Aaron Golbin
Aaron Golbin",,"1mo â€¢ 
 1 month ago â€¢ Visible to anyone on or off LinkedIn",Join our team this Summer!,17,0,0,,False,False,
"National Artificial Intelligence Association
National Artificial Intelligence Association",Aaron Golbin,"1mo â€¢ Edited â€¢ 
 1 month ago â€¢ Edited â€¢ Visible to anyone on or off LinkedIn","NAIA has released its position on the QUIET Act (HR 1027) that was re-introduced on Feb. 6, 2025 by Rep. Eric Sorensen (D-IL-17). NAIA agrees on the effort to reduce consumer concerns around ""robocalls"" but the bill's broad regulations could produce serious unintended consequences for the AI industry. Below is our detailed review. Please share your thoughts.
â€¦more",10,0,12,,False,False,
"Aaron Golbin
Aaron Golbin",,"1mo â€¢ 
 1 month ago â€¢ Visible to anyone on or off LinkedIn",My Co-Chair Caleb Max had a productive day on the Hill today advocating for our almost 500 National Artificial Intelligence Association enterprise members across the nation!,17,3,0,image,True,False,
"LvlUp Ventures
LvlUp Ventures",Aaron Golbin,"1mo â€¢ 
 1 month ago â€¢ Visible to anyone on or off LinkedIn","ğŸš€ NYC Founders & Investors â€“ Letâ€™s Connect! ğŸš€

LvlUp Ventures is bringing together some of the brightest minds in the startup ecosystem for an exclusive Founder & Investor Networking Event in New York City on March 20th!

Whether you're a founder looking to scale or an investor scouting your next big opportunity, this event is your chance to build meaningful connections, exchange insights, and discover groundbreaking ventures.

ğŸ”¹ What to Expect:
âœ… High-impact networking with top founders, investors, and operators
âœ… Opportunities to pitch and explore investment deals
âœ… Engaging conversations on the latest startup & VC trends
âœ… Incredible treats from,,, Kawama Tequila & Soda, and

A huge thank you tofor partnering with us and supporting the banking needs of our ecosystem! ğŸ™Œ

ğŸ“… Date: March 20, 2024
ğŸ“ Location: New York City

Spots are limitedâ€”donâ€™t miss out! Secure your place today!

ğŸ”—

Tag a founder or investor who should be there! ğŸ‘‡

â€¦more",37,8,5,article,False,True,https://www.lvlup.vc/events/new-york-city-networking-event
Unknown,,Unknown,,0,0,0,,False,False,
Unknown,,Unknown,,0,0,0,,False,False,
Unknown,,Unknown,,0,0,0,,False,False,
Unknown,,Unknown,,0,0,0,,False,False,
Unknown,,Unknown,,0,0,0,,False,False,
Unknown,,Unknown,,0,0,0,,False,False,
Unknown,,Unknown,,0,0,0,,False,False,
Unknown,,Unknown,,0,0,0,,False,False,
Unknown,,Unknown,,0,0,0,,False,False,
Unknown,,Unknown,,0,0,0,,False,False,
Unknown,,Unknown,,0,0,0,,False,False,
Unknown,,Unknown,,0,0,0,,False,False,
Unknown,,Unknown,,0,0,0,,False,False,
Unknown,,Unknown,,0,0,0,,False,False,
"LvlUp Ventures
LvlUp Ventures",Aaron Golbin,"2mo â€¢ Edited â€¢ 
 3 months ago â€¢ Edited â€¢ Visible to anyone on or off LinkedIn","Tag a founder in the comments or a tagline of your company. Our team will speak with the top 3 comments in the next 48 hours.

Interested in chatting with us anyway? Apply to our fund or one of our bespoke programs here:

â€¦more",26,9,7,article,False,True,https://www.lvlup.vc/apply/funding-application
"National Artificial Intelligence Association
National Artificial Intelligence Association",Aaron Golbin,"2mo â€¢ 
 3 months ago â€¢ Visible to anyone on or off LinkedIn","THE WHITEBOARD FOR THIS WEEK'S NAIA DIGEST: AI IN WASHINGTON

* Trump Admin Revokes Biden Admin AI EO 14110
* Lots of Questions on the Impact of Revoking the Biden EO?
* Biden Admin at End Releases Rule on AI Chips & Models Export Control
* Plus Trump Announces Stargate and Biden Opens Federal Land for Large- Scale AI Data Centers
* House AI Bills We Are Watching
* NAIA Co-Chair Golbin Featured in Forbes
* Member Focus: Gold Member Political Media Inc. AI for Candidates
* NAIA Signs Up Over 100 New Members. Growing Fast!

Become a NAIA Member and have input on AI legislation & regulation!
Bronze Level Membership is free. Learn More at

Link to Digest:
â€¦more",4,0,2,article,False,True,https://conta.cc/4hmH2Pe
"Ron Wright
Ron Wright",Aaron Golbin,"2mo â€¢ 
 3 months ago â€¢ Visible to anyone on or off LinkedIn",Exciting first day for the AI industry.,14,0,0,article,False,True,https://www.cbsnews.com/amp/news/trump-announces-private-sector-ai-infrastructure-investment/
"National Artificial Intelligence Association
National Artificial Intelligence Association",Aaron Golbin,"2mo â€¢ 
 3 months ago â€¢ Visible to anyone on or off LinkedIn","President Trump has nullified the Biden Administrationâ€™s 2023 Executive Order on Artificial Intelligence 

â€¦more",4,0,2,article,False,True,https://www.reuters.com/technology/artificial-intelligence/trump-revokes-biden-executive-order-addressing-ai-risks-2025-01-21/
"National Artificial Intelligence Association
National Artificial Intelligence Association",Aaron Golbin,"3mo â€¢ 
 3 months ago â€¢ Visible to anyone on or off LinkedIn",First 100 Companies have joined the National Artificial Intelligence Association. NAIA will be the largest and loudest voice for the AI industry in Washington. Join today at www.thenaia.org,7,1,3,article,False,True,https://myemail.constantcontact.com/Media-Release--100--Companies-In-One-Week-Join-the-National-Artificial-Intelligence-Association--NAIA-.html?soid=1141448436077&aid=uLt4GrQNA00
"Aaron Golbin
Aaron Golbin",,"3mo â€¢ 
 3 months ago â€¢ Visible to anyone on or off LinkedIn","After just one week of launch, the National Artificial Intelligence Association has just reached 100 corporate members, and quickly growing â€” making it one of the largest business & technology associations in the United States.

Weâ€™re grateful for the trust our members put in us to advocate for their voices and interests in Washington & the incredible support and interest weâ€™ve recieved from members of congress joining our community, government officials, the Biden administration, and the incoming Trump administration.

Learn more about NAIA and become a member today to help ensure American dominance in Artifical Intelligence:
â€¦more",20,2,4,article,False,True,http://thenaia.org/
"Aaron Golbin
Aaron Golbin",,"3mo â€¢ Edited â€¢ 
 3 months ago â€¢ Edited â€¢ Visible to anyone on or off LinkedIn","Ginormous congratulations to one of our first portfolio companies in 2023 MNLY & Luke Hartelust for this ğŸ‰ monumental partnership ğŸ‰ , integrating MNLY into Chrish Hemsworthâ€™s (the actor behind Thor) popularplatform used by millions of men across the world.

Enabling MNLY to reach this audience is pivotal in its journey as it quickly becomes the premier precision menâ€™s health & performance platform.
â€¦more",29,4,2,article,False,True,https://insider.fitt.co/press-release/centr-and-mnly-join-forces/
"Aaron Golbin
Aaron Golbin",,"3mo â€¢ 
 3 months ago â€¢ Visible to anyone on or off LinkedIn",Fascinating Executive Order that can help propel growth in AI infrastructure at lower costs. Check out the National Artificial Intelligence Associationâ€™s latest post.,12,0,0,article,False,True,https://www.whitehouse.gov/briefing-room/statements-releases/2025/01/14/statement-by-president-biden-on-the-executive-order-on-advancing-u-s-leadership-in-artificial-intelligence-infrastructure/
"Adam Ned
Adam Ned",Aaron Golbin,"3mo â€¢ Edited â€¢ 
 3 months ago â€¢ Edited â€¢ Visible to anyone on or off LinkedIn","Do you want access to a database of 6,500 Family Office Investors?

ğŸ“© Want the list?
Simply like this post and comment â€œSend me the list!â€ below, and weâ€™ll send it your way.

At, weâ€™re deeply committed to empowering founders and fund managers with the resources they need to raise capital and succeed. Thatâ€™s why weâ€™re doing something big:

ğŸŒŸWeâ€™re sharing our curated list of 6,500 Family Office InvestorsğŸŒŸ
This is more than just a database; itâ€™s a game-changing tool for your fundraising journey, built to help you connect with the right people and make meaningful progress.

ğŸ‘‰ Why are we doing this?
Because we believe in the power of community and collaboration. Founders and fund managers shouldnâ€™t have to navigate the complex world of fundraising alone. We're here to provide the tools, support, and connections you need to level up.

â€¦more","1,696","3,800",29,image,True,False,
"LvlUp Ventures
LvlUp Ventures",Aaron Golbin,"3mo â€¢ 
 3 months ago â€¢ Visible to anyone on or off LinkedIn","Calling All Founders: Apply to LvlUp Labs Today!

LvlUp Labs is the ultimate founder-focused community powered by the expertise, resources, and network of LvlUp Ventures. This is more than a programâ€”itâ€™s a gateway to unparalleled opportunities, collaboration, and growth.

ğŸš€ Why Join LvlUp Labs?
âœ… Access to 15+ VCs: With one application, you can apply for funding from top venture capital firms.
âœ… VC Ecosystem at Your Fingertips: Work closely with the LvlUp Ventures team and tap into one of the largest venture networks in the world.
âœ… $1M+ in Perks: Unlock a wealth of resources through our partnerships with industry leaders, covering everything you need to scale.
âœ… Exclusive Programming: Participate in 50+ annual sessions, from office hours with investors to community-building events.
âœ… Individualized Mentorship: Build relationships with experienced entrepreneurs, investors, and service providers who are committed to your success.

Building a company is hardâ€”why do it alone? Join hundreds of startups across the U.S. and become part of a community that accelerates growth, creates synergy, and makes the journey a little more fun. ğŸ‰

ğŸ”— Apply now and let LvlUp Labs help you unlock your startupâ€™s full potential:

â€¦more",17,1,5,article,False,True,https://www.lvlup.vc/apply/funding-application
"Ron Wright
Ron Wright",Aaron Golbin,"3mo â€¢ 
 3 months ago â€¢ Visible to anyone on or off LinkedIn","If interested in AI and wondering about Washington's approach (120+ bills related to AI last session!), sign up to receive the NAIA Digest and even better become a NAIA Member and impact this legislation.
â€¦more",5,0,0,article,False,True,https://conta.cc/4awq9j3
Unknown,,Unknown,,0,0,0,,False,False,
Unknown,,Unknown,,0,0,0,,False,False,
Unknown,,Unknown,,0,0,0,,False,False,
Unknown,,Unknown,,0,0,0,,False,False,
Unknown,,Unknown,,0,0,0,,False,False,
Unknown,,Unknown,,0,0,0,,False,False,
Unknown,,Unknown,,0,0,0,,False,False,
Unknown,,Unknown,,0,0,0,,False,False,
Unknown,,Unknown,,0,0,0,,False,False,
"LvlUp Ventures
LvlUp Ventures",Aaron Golbin,"4mo â€¢ 
 5 months ago â€¢ Visible to anyone on or off LinkedIn","LvlUp Ventures & Aaron Golbin Featured in Forbes! ğŸ‰

Weâ€™re thrilled to share that LvlUp Ventures and Managing Partner Aaron Golbin were recently highlighted in Forbes. Check out the article linked below.

Here are the highlights:

âœ¨ LvlUp Ventures achieved an IRR of 116% and MOIC of 2.16, with a team of 1,500+ across global startup hubs. The firm is on track to back 150 portfolio companies by 2025.

âœ¨ NextUp Accelerator has helped 50+ startups achieve 8x revenue growth in 12 months, with a <5% failure rate and a total portfolio market cap exceeding $1 billion.

âœ¨ The ecosystem works hands-on with startups, from pre-launch to scaling nine-figure enterprises, providing strategic support, unmatched networks, and innovative funding models.

âœ¨ Aaronâ€™s journey from founding his first business at age 8 to leading a venture ecosystem proves the power of vision and execution.

ğŸ“– Read the full article for more on how LvlUp Ventures is reshaping the venture capital landscape ğŸ‘‡ğŸ‘‡ğŸ‘‡



â€¦more",50,12,6,article,False,True,https://www.forbes.com/sites/alisoncoleman/2024/11/26/from-teenage-business-ventures-to-the-world-of-venture-capital/
"Aaron Golbin
Aaron Golbin",,"4mo â€¢ 
 5 months ago â€¢ Visible to anyone on or off LinkedIn","Iâ€™m thankful to be featured in Forbes this morning, covering what weâ€™ve built at LvlUp Ventures. An investment approach built with over a decade of founder experience.",64,22,0,article,False,True,https://www.forbes.com/sites/alisoncoleman/2024/11/26/from-teenage-business-ventures-to-the-world-of-venture-capital/
"LvlUp Ventures
LvlUp Ventures",Aaron Golbin,"4mo â€¢ 
 5 months ago â€¢ Visible to anyone on or off LinkedIn","We're excited to welcome Cipher to the NextUp Portfolio! 

Cipher is the home of viral music for commercial use. In an era where brands are posting content daily but facing lawsuits for using music without permission, Cipher is the premium destination to legally buy the worldâ€™s most trending tracks.

After servicing professional sports teams, like theâ€™s, Cipher is now expanding to help all brands boost their social media engagement with todayâ€™s hits at an affordable price.

Sign up for Cipherâ€™s mailing list today to stay ahead of music that drives results ğŸ‘‡ğŸ‘‡ğŸ‘‡



â€¦more",64,4,8,article,False,True,https://ciphermusic.dev/contact-us
"Aaron Golbin
Aaron Golbin",,"5mo â€¢ 
 5 months ago â€¢ Visible to anyone on or off LinkedIn",Apply today ğŸš€,11,0,0,article,False,True,https://www.lvlup.vc/apply/funding-application
"LvlUp Ventures
LvlUp Ventures",Aaron Golbin,"5mo â€¢ 
 5 months ago â€¢ Visible to anyone on or off LinkedIn","ğŸŒŸ Portfolio Company Spotlight: Ascendia AI ğŸŒŸ

ğŸš€ Revolutionizing Mental Health Diagnostics: Using proprietary, AI-powered speech analysis, Ascendia AI transforms how mental health disorders are detected and managed. In just 5 minutes, their non-invasive evaluation analyzes 50+ vocal biomarkers, rigorously validated by over 30 years of research. Trained on a robust dataset of 17,000 clinical hours, this technology provides precise assessments across the DSM-5 spectrum, identifying primary, secondary, and even subclinical conditions for early intervention.

ğŸ’¡ Why It Matters: Mental health care lags 24% behind physical health care in treatment efficacy. Ascendia AI bridges this gap by empowering care providers across all disciplinesâ€”not just mental health professionalsâ€”with data-driven tools that enhance early detection, personalized treatment, and ongoing progress tracking.

ğŸ“ˆ Game-Changing Integration: Ascendia AI seamlessly integrates into existing systems, elevating care standards across organizations and platforms. Their approach sets a new benchmark for precision and personalization in mental healthcare, driving better outcomes for patients worldwide.

Weâ€™re excited to support Ascendia AI on their mission to revolutionize mental health diagnostics and care!




â€¦more",32,3,4,article,False,True,https://ascendia.ai/
"Aaron Golbin
Aaron Golbin",,"5mo â€¢ 
 5 months ago â€¢ Visible to anyone on or off LinkedIn","Just got a demo from one of our portfolio companies Balnce AI of their latest product version. I have never seen a company and space so reminiscent of my time playing with Bitcoin over a decade ago. Just the beginning of a massive industryâ€¦AI agents for consumer use. Keep up the great work.

Message Zach for a demo!
â€¦more",27,3,0,,False,False,
Unknown,,Unknown,,0,0,0,,False,False,
Unknown,,Unknown,,0,0,0,,False,False,
Unknown,,Unknown,,0,0,0,,False,False,
Unknown,,Unknown,,0,0,0,,False,False,
Unknown,,Unknown,,0,0,0,,False,False,
Unknown,,Unknown,,0,0,0,,False,False,
Unknown,,Unknown,,0,0,0,,False,False,
Unknown,,Unknown,,0,0,0,,False,False,
Unknown,,Unknown,,0,0,0,,False,False,
Unknown,,Unknown,,0,0,0,,False,False,
Unknown,,Unknown,,0,0,0,,False,False,
Unknown,,Unknown,,0,0,0,,False,False,
Unknown,,Unknown,,0,0,0,,False,False,
"Aaron Golbin
Aaron Golbin",,"6mo â€¢ 
 7 months ago â€¢ Visible to anyone on or off LinkedIn",Are you interested in being at the forefront of VC & corporate innovation? Join us this fall!,17,0,0,,False,False,
"Aaron Golbin
Aaron Golbin",,"6mo â€¢ 
 7 months ago â€¢ Visible to anyone on or off LinkedIn",Itâ€™s official! Excited for this!,35,8,0,article,False,True,https://spinlabs.tech/
"Aaron Golbin
Aaron Golbin",,"6mo â€¢ 
 7 months ago â€¢ Visible to anyone on or off LinkedIn",Amazing event! Thanks for coming everyone!,11,3,0,image,True,False,
"LvlUp Ventures
LvlUp Ventures",Aaron Golbin,"7mo â€¢ 
 7 months ago â€¢ Visible to anyone on or off LinkedIn","ğŸ“… Our NYC Investor Networking Event is this Thursday! 

Tickets are running out fast! Don't miss the exclusive New York Investor Networking Event on September 19th, hosted byin collaboration with,, and! ğŸŒŸ

Donâ€™t miss this opportunity to connect with some of the brightest minds in the investment community! Whether youâ€™re a general investor, angel investor, or venture capitalist seeking new opportunities, this evening is packed with valuable networking and insights. With over 100 investors registered and 40+ VCs representing thousands of portfolio companies, the possibilities are limitless!

Register Here ğŸ‘‡ğŸ‘‡ğŸ‘‡


â€¦more",36,0,6,article,False,True,https://www.lvlup.vc/events/private-investor-cocktail-hour-new-york
"Aaron Golbin
Aaron Golbin",,"7mo â€¢ 
 7 months ago â€¢ Visible to anyone on or off LinkedIn",Excited for this launch!,10,1,0,,False,False,
"Aaron Golbin
Aaron Golbin",,"7mo â€¢ Edited â€¢ 
 7 months ago â€¢ Edited â€¢ Visible to anyone on or off LinkedIn","Huge milestone for the entire LvlUp Ventures & NextUp Accelerators and Incubators team! Excited to work with the leadership and board at Arax Holdings Corp. to take the enterprise to the next level! Special thanks towho led this deal.
â€¦more",25,2,0,article,False,True,http://arax.cc/
Unknown,,Unknown,,0,0,0,,False,False,
Unknown,,Unknown,,0,0,0,,False,False,
Unknown,,Unknown,,0,0,0,,False,False,
Unknown,,Unknown,,0,0,0,,False,False,
Unknown,,Unknown,,0,0,0,,False,False,
Unknown,,Unknown,,0,0,0,,False,False,
Unknown,,Unknown,,0,0,0,,False,False,
Unknown,,Unknown,,0,0,0,,False,False,
Unknown,,Unknown,,0,0,0,,False,False,
Unknown,,Unknown,,0,0,0,,False,False,
Unknown,,Unknown,,0,0,0,,False,False,
Unknown,,Unknown,,0,0,0,,False,False,
Unknown,,Unknown,,0,0,0,,False,False,
Unknown,,Unknown,,0,0,0,,False,False,
"Aaron Golbin
Aaron Golbin",,"8mo â€¢ 
 8 months ago â€¢ Visible to anyone on or off LinkedIn","Thanks for the mention, Natalie! Weâ€™re proud to have one of the largest scout programs globally with 1,000 dedicated investors, founders, and operators sourcing us the top deals across every major startup hub. Interested in joining? Visit!
â€¦more",12,0,0,,False,False,
"Ticket Tree
Ticket Tree",Aaron Golbin,"8mo â€¢ Edited â€¢ 
 9 months ago â€¢ Edited â€¢ Visible to anyone on or off LinkedIn","Why is Ticket Tree different from every ticketing platform you've been on? ğŸŸï¸

We are a platform founded by fans, for fans. ğŸ™Œ

- We've experienced the headaches of seeing fees as high as 40%, sometimes even 100%, at checkout.

- We've been scammed on primary ticketing sites!

- We've cherished every ticket stub as a memento, only to see them replaced by QR codes.

We are building a platform for everyone to access their dream events safely and affordably. Excited to finally announce beta launch coming ğŸ”œ

For info on being a beta tester, platform sneaks, and special ticket discounts, sign up for our weekly newsletter! ğŸ“°


â€¦more",23,0,6,image,True,False,
"Aaron Golbin
Aaron Golbin",,"8mo â€¢ 
 9 months ago â€¢ Visible to anyone on or off LinkedIn",Congratulations!,5,0,0,image,True,False,
"Studious AI
Studious AI",Aaron Golbin,"8mo â€¢ Edited â€¢ 
 9 months ago â€¢ Edited â€¢ Visible to anyone on or off LinkedIn","Studious Launches Revolutionary AI-Powered Mobile Exam Prep App

Get a 21st century learning experience with:
- Cognitive science-based approach proven to increase retention
- Advanced spaced repetition reinforcing weak areas
- Bite-sized lessons for on-the-go study sessions with instant recall tests
- Real-world examples making concepts relatable
- Motivated engagement elements ensure completion

The app utilizes advanced technology to deliver an adaptive, personalized learning experience tailored to each CFAÂ® Level I user's needs and schedule, and revolutionizes how professionals satisfy the constant demand for additional skills.

""Traditional study materials often fail to engage today's busy professionals,"" says David Spector, co-founder and CEO of Studious. ""We created Studious to revolutionize how people prepare for critical exams like the CFAÂ® with an intuitive mobile app that fits seamlessly into their lifestyles.""

Through powerful tracking dashboards, Studious enables both individuals and tutoring providers to monitor progress in real-time. This ensures a focused, efficient path to success.

""We're upgrading the entire exam prep experience,"" added Spector. ""Studious isn't just replacing outdated tools; it's ushering in a smarter way to learn that works for today's busy lifestyles.""

The Studious app for CFAÂ® Level 1 is now available for download.


Learn more at.

â€¦more",12,0,4,article,False,True,https://bestudious.io/download/
"Aaron Golbin
Aaron Golbin",,"8mo â€¢ 
 9 months ago â€¢ Visible to anyone on or off LinkedIn",Congrats to Munimar Ashrafy and the En Garde team!,6,1,0,article,False,True,https://www.producthunt.com/posts/en-garde-2
"Aaron Golbin
Aaron Golbin",,"8mo â€¢ Edited â€¢ 
 9 months ago â€¢ Edited â€¢ Visible to anyone on or off LinkedIn","This is another big step in the fast growth of our Partnerships arm! Excited to work with Pipedrive to continue to scale their new ""Powered by LvlUp Ventures"" Startup Program which has already admitted dozens of early-stage ventures within days!
â€¦more",19,4,0,article,False,True,https://www.lvlup.vc/apply/funding-application
Unknown,,Unknown,,0,0,0,,False,False,
Unknown,,Unknown,,0,0,0,,False,False,
Unknown,,Unknown,,0,0,0,,False,False,
Unknown,,Unknown,,0,0,0,,False,False,
Unknown,,Unknown,,0,0,0,,False,False,
Unknown,,Unknown,,0,0,0,,False,False,
Unknown,,Unknown,,0,0,0,,False,False,
Unknown,,Unknown,,0,0,0,,False,False,
Unknown,,Unknown,,0,0,0,,False,False,
Unknown,,Unknown,,0,0,0,,False,False,
Unknown,,Unknown,,0,0,0,,False,False,
Unknown,,Unknown,,0,0,0,,False,False,
Unknown,,Unknown,,0,0,0,,False,False,
Unknown,,Unknown,,0,0,0,,False,False,
"Aaron Golbin
Aaron Golbin",,"9mo â€¢ 
 10 months ago â€¢ Visible to anyone on or off LinkedIn",Come visit our firmâ€™s new home of Miami at our upcoming Private Investor Cocktail Hour!,8,0,0,article,False,True,https://www.lvlup.vc/events/private-investor-cocktail-hour-miami1
"LvlUp Ventures
LvlUp Ventures",Aaron Golbin,"9mo â€¢ 
 10 months ago â€¢ Visible to anyone on or off LinkedIn","ğŸ¹ğŸŒŸ Miami is calling! ğŸŒŸğŸ¹

LvlUp Ventures is thrilled to host a Private Investor Networking Event on Thursday, October 24th.

This exclusive gathering is perfect for general investors, angel investors, and venture capitalists to connect and explore new opportunities.

Event Highlights:

- Doors Open: 6:00 PM EST
- Venue: Exact Venture is Sent in Official Invite (via Email)
- Open Bar & Appetizers: Enjoy cocktails, beer, wine, and various appetizers!
- Brief LvlUp Ventures Presentation: Learn more about our recent developments!

Join us for an evening of insightful conversations and valuable networking.

Will you be there to connect with the brightest minds in the investment community? ğŸ’¼ğŸ¸

Reserve Spot â¡ï¸
â€¦more",16,1,2,article,False,True,https://www.lvlup.vc/events/private-investor-cocktail-hour-miami1
"Ticket Tree
Ticket Tree",Aaron Golbin,"10mo â€¢ 
 10 months ago â€¢ Visible to anyone on or off LinkedIn","Why haven't sports teams adopted loyalty programs for fans? ğŸ¤”

We know that 84% of consumers are more likely to stick with a brand that offers a loyalty program, yet teams rely on ineffective marketing and nostalgia to get fans back into the stadium. ğŸŸï¸ğŸŸï¸

Tick3t Tree is taking this concept to the next level by not only offering an affordable ticketing option for fans but also providing them with post-event digital mementos and rewards from their favorite organizations. ğŸ†ğŸ“±

As fan attendance begins to dwindle due to increasing prices, lack of value, and viewership competition between different sports, we're on a mission to give host organizations the tools to strengthen the bond with their beloved fans. ğŸ’ªğŸ»

â€¦more",13,0,3,image,True,False,
"Aaron Golbin
Aaron Golbin",,"10mo â€¢ 
 10 months ago â€¢ Visible to anyone on or off LinkedIn","Weâ€™re scaling our partnership network and acceleration model to help large enterprises seamlessly innovate like never before. Excited to lead this new business in addition to our Accelerators and Incubators!
â€¦more",17,1,0,,False,False,
"LvlUp Ventures
LvlUp Ventures",Aaron Golbin,"10mo â€¢ 
 10 months ago â€¢ Visible to anyone on or off LinkedIn","Our Venture Scouts at LvlUp Ventures are shaping the future of startups! 

Partnering with top names like ExpertDojo, Capchase, NextUp, and Dealmaker, our scouts discover and nurture groundbreaking opportunities.

As a Venture Scout, you can:

- Build your portfolio with equity compensation.
- Collaborate with partners and founders.
- Get rewarded when we invest in your sourced deals.

Join us and be part of a dynamic ecosystem that drives innovation and growth.

Apply today and start building your venture legacy!

Apply to be a venture scout ğŸ”—
â€¦more",36,0,0,article,False,True,https://www.lvlup.vc/fund/venture-scouts
"Arkadiy Baltser
Arkadiy Baltser",Aaron Golbin,"10mo â€¢ 
 10 months ago â€¢ Visible to anyone on or off LinkedIn","Thrilled to have pitched Prospify at the University of California, Berkeley Product Growth Conference this Thursday! ğŸ‰

We were the first of three startups and absolutely crushed it! Huge thanks to the incredible panel of experts and all the attendees.

Special shoutout to,, andfor organizing this amazing event! ğŸ™Œ

With the support from:
,, and

â€¦more",26,4,2,image,True,False,
Unknown,,Unknown,,0,0,0,,False,False,
Unknown,,Unknown,,0,0,0,,False,False,
Unknown,,Unknown,,0,0,0,,False,False,
Unknown,,Unknown,,0,0,0,,False,False,
Unknown,,Unknown,,0,0,0,,False,False,
Unknown,,Unknown,,0,0,0,,False,False,
Unknown,,Unknown,,0,0,0,,False,False,
Unknown,,Unknown,,0,0,0,,False,False,
Unknown,,Unknown,,0,0,0,,False,False,
Unknown,,Unknown,,0,0,0,,False,False,
Unknown,,Unknown,,0,0,0,,False,False,
Unknown,,Unknown,,0,0,0,,False,False,
Unknown,,Unknown,,0,0,0,,False,False,
Unknown,,Unknown,,0,0,0,,False,False,
"LvlUp Ventures
LvlUp Ventures",Aaron Golbin,"10mo â€¢ Edited â€¢ 
 11 months ago â€¢ Edited â€¢ Visible to anyone on or off LinkedIn","ğŸš€ Exciting Opportunity for Investors! ğŸš€

We are thrilled to invite you to an exclusive New Jersey Investor Networking Event hosted byon June 6th.

This is your chance to connect with the brightest minds in the investment community, whether you're a general investor, angel investor, or venture capitalist eager to explore new opportunities.

ğŸ—“ Date & Time: Thursday, June 6th
â° Doors Open: 6:00 PM EST
ğŸ“ Venue: NOM Tequila Bar () - Morristown, NJ

âš  NOTE âš  - This is a private investor event with a strict capacity.

All sign-ups will receive a confirmation email & calendar invite when approved.

Event Highlights:

ğŸ¸ Open Bar & Appetizers: Enjoy a selection of cocktails, beer, and wine on us, along with a variety of delicious appetizers!

ğŸ“Š Brief Speach from: Get insights into LvlUp Ventures and our latest developments!

A big thank you to our sponsors,,, andfor making this event possible!

Donâ€™t miss out on this fantastic opportunity to expand your network and discover new investment prospects.

Secure your spot now and join us for an evening of valuable connections and insights!

ğŸ”— Sign Up Here:

â€¦more",30,3,7,image,True,False,
"LvlUp Ventures
LvlUp Ventures",Aaron Golbin,"11mo â€¢ 
 1 year ago â€¢ Visible to anyone on or off LinkedIn","We're excited to introduce you to Prospify, our latest addition to the LvlUp Ventures family!

Revolutionizing Sales: Prospify's GTM AI agent surfaces 10 hyper-targeted prospects daily, making lead generation a breeze.

Early Success:
- 50 early adopters, including GrabrFi
- 250+ active users weekly
- 350% increase in lead relevance, 90% decrease in time spent on platforms like LinkedIn Sales Navigator

Prospify is currently raising a Pre-Seed round and expects to reach $70k MRR by the end of the year! If you'd like more information, reach out to().

â€¦more",36,4,5,image,True,False,
"Adam Ned
Adam Ned",Aaron Golbin,"11mo â€¢ 
 1 year ago â€¢ Visible to anyone on or off LinkedIn","Cold outreach to VCs and angel investors can be a strategic move for startups seeking investment. While it may seem daunting to reach out to potential investors without a prior connection, the benefits can outweigh the initial discomfort.

Here are several advantages of cold emailing VCs and angel investors:

Access to Capital: One of the most obvious benefits is access to capital. VCs and angel investors are always on the lookout for promising startups to invest in. By cold emailing them, you're putting your startup on their radar and opening up the possibility of securing funding that could be crucial for your company's growth.

Expand Your
: Even if the investor you email doesn't end up investing in your startup, they may still offer valuable feedback, introductions to other
, or advice on how to improve your pitch. Building relationships with investors can also lead to future opportunities and partnerships.

Efficiency: Cold outreach allows you to reach a large number of potential investors quickly and efficiently. While networking events and warm introductions can also be valuable, they often require more time and effort to organize. Cold emailing/messaging allows you to make your pitch to multiple investors simultaneously, increasing your chances of getting a positive response.

as a Tool:
can be an effective tool for researching potential investors and personalizing your cold emails. By studying an
's profile, you can learn about their investment interests, portfolio companies, and any shared connections you may have. This information can help you tailor your pitch to resonate with the investor and increase the likelihood of a positive response.

Control over the Narrative: When cold emailing investors, you have control over the narrative of your pitch. You can carefully craft your message to highlight your startup's unique value proposition, market potential, and traction. This allows you to present your company in the best possible light and make a compelling case for why the investor should take a closer look.

Practice Pitching: Cold emailing investors provides an opportunity to practice and refine your pitch. As you reach out to different investors and receive feedback, you'll learn what resonates with them and how to effectively communicate the value of your
. This experience will serve you well not only in fundraising but also in other aspects of growing your
, such as
and
.

In summary, cold emailing
and
can be a valuable strategy for startups looking to secure investment. By leveraging platforms like LinkedIn and carefully crafting your
, you can expand your network, access capital, and increase your chances of success.

â€¦more",49,13,0,image,True,False,
"Aaron Golbin
Aaron Golbin",,"11mo â€¢ 
 1 year ago â€¢ Visible to anyone on or off LinkedIn","Work with our incredible team to usher in the next generation of Music & Entertainment for fans, artists, and organizations! SPIN Labs is quickly becoming the leading accelerator and incubator within this innovation-hungry space.
â€¦more",8,1,0,,False,False,
"Adam Ned
Adam Ned",Aaron Golbin,"11mo â€¢ 
 1 year ago â€¢ Visible to anyone on or off LinkedIn","Here's a list of VCs that prioritize investing in underrepresented founders. Are there any I'm missing? If so, add them in the comment section so I can expand the list.

If you'd like a downloadable version of the list, comment ""Fundraising"" and I'll send it over!

: A B2B pre-seed/seed VC fund focused on investing in teams with at least one black founder within the high-growth markets of
,
,
and
.

: This VC firm is focused on investing in startups founded by underrepresented founders, including
, people of color, and members of the
+ community.

: Harlem Capital is a diversity-focused VC firm that invests in early-stage
founded by women and people of color.

: Precursor Ventures is an early-stage VC firm that invests in startups founded by
founders, including women, people of color, and LGBTQ+ entrepreneurs.

: Kapor Capital is a social impact-focused VC firm that invests in early-stage startups founded by underrepresented founders, including women and people of color.

: Cross Culture Ventures is a venture capital firm that invests in early-stage startups led by underrepresented founders, including those from diverse cultural backgrounds.

: Female Founders Fund is a VC firm that invests in early-stage startups founded by women, with a focus on
companies.

: BBG Ventures is a seed-stage VC firm that invests in startups founded by women, with a focus on
products and services.

: Lightship Capital is a venture capital firm that invests in startups founded by underrepresented founders, with a focus on companies located in the
and
regions of the United States.

: MaC Venture Capital is a diverse-led
firm that invests in early-stage startups founded by underrepresented founders, including people of color, women, and LGBTQ+ entrepreneurs.

: Plexo Capital is a VC firm that invests in early-stage startups founded by underrepresented founders.

: A next-generation venture fund, focused on finding & supporting talented founding teams of mature seed companies and helping them reach the next level. LvlUp invests in EVERYONE, regardless of race, gender, or ethnicity.

: M13 is a venture capital firm that invests in early-stage startups founded by underrepresented founders.

: Chingona Ventures is a VC firm that invests in early-stage startups founded by women and underrepresented entrepreneurs, with a focus on companies in the technology and
sectors.

: Hustle Fund is a VC firm that invests in early-stage startups founded by underrepresented founders, with a focus on companies in the technology and consumer sectors.
â€¦more",232,106,27,,False,False,
"Aaron Golbin
Aaron Golbin",,"11mo â€¢ 
 1 year ago â€¢ Visible to anyone on or off LinkedIn","Sign up to see high-growth, transformative emerging technology companies today! Tickets are on track to sell out in about 1 week. See you there!",15,1,0,article,False,True,https://form.typeform.com/to/l24O0Pxg
Unknown,,Unknown,,0,0,0,,False,False,
Unknown,,Unknown,,0,0,0,,False,False,
Unknown,,Unknown,,0,0,0,,False,False,
Unknown,,Unknown,,0,0,0,,False,False,
Unknown,,Unknown,,0,0,0,,False,False,
Unknown,,Unknown,,0,0,0,,False,False,
Unknown,,Unknown,,0,0,0,,False,False,
Unknown,,Unknown,,0,0,0,,False,False,
Unknown,,Unknown,,0,0,0,,False,False,
Unknown,,Unknown,,0,0,0,,False,False,
Unknown,,Unknown,,0,0,0,,False,False,
Unknown,,Unknown,,0,0,0,,False,False,
Unknown,,Unknown,,0,0,0,,False,False,
Unknown,,Unknown,,0,0,0,,False,False,
"Aaron Golbin
Aaron Golbin",,"1yr â€¢ 
 1 year ago â€¢ Visible to anyone on or off LinkedIn",Excited to work with these incredible founders! Sasha (Len) Filonenko & Sepehr S,15,0,2,image,True,False,
"LvlUp Ventures
LvlUp Ventures",Aaron Golbin,"1yr â€¢ Edited â€¢ 
 1 year ago â€¢ Edited â€¢ Visible to anyone on or off LinkedIn","ğŸ”Š Exciting News! ğŸ”Š 

Introducing ""Venture in America Stories"" ğŸš€

Join us on a captivating journey through the heart of startup acceleration as we spotlight the transformative power of incubators and accelerators across America.

Below is the link to our very first Venture in America story â¤µ


Don't miss out! Followfor all the latest updates on this new series.


We'd also like to thank our sponsors,,, and!
â€¦more",21,1,5,,False,False,
"LvlUp Ventures
LvlUp Ventures",Aaron Golbin,"1yr â€¢ 
 1 year ago â€¢ Visible to anyone on or off LinkedIn","We're excited for our Portfolio Company Versus as they continue to expand their extraordinary team with a new Chief Marketing Officer, Ex-Hulu SVP of Marketing Scott Donaton!

â€¦more",11,1,6,article,False,True,http://variety.com/2024/digital/news/scott-donaton-versusgame-cmo-1235957693
"Aaron Golbin
Aaron Golbin",,"1yr â€¢ 
 1 year ago â€¢ Visible to anyone on or off LinkedIn","Amazing to hear such positive feedback as you transform the industry, AnnRagan Kearns!",3,0,0,image,True,False,
"Adam Ned
Adam Ned",Aaron Golbin,"1yr â€¢ 
 1 year ago â€¢ Visible to anyone on or off LinkedIn","ğŸ’°ğŸ’² Are you looking for Pre-Seed, Seed, or Series A Funding?! ğŸ’² ğŸ’° 

Look no further than LvlUp Ventures! We've partnered with several VCs, Accelerators, and Alternative Funders to cater to ANY and ALL
!

Founders and Scouts within our ecosystem can submit their startup(s) to various funders, including,,,,,, NextUp, and more with the click of a button!



â€¦more",79,5,14,article,False,True,https://www.lvlup.vc/apply/funding-application
"Luke Hartelust
Luke Hartelust",Aaron Golbin,"1yr â€¢ 
 1 year ago â€¢ Visible to anyone on or off LinkedIn","Last week we onboarded 100 users to the MNLY platform. Each step in the customer journey is now being battle tested in a live environment. 

The week was filed with a ton of unforeseen issues. However that's why we are running beta, to ensure these issues are ironed out before the public market can get their hands on our product.

Here's some takeaways from a week of behind the scenes chaos:

1. ALWAYS battle test your product before going live.

2. There will always be unforeseen issues.

3. Your ideal customer journey is defined by your customers.

4. Timelines are never exactly how you planned.

5. Customers never behave as you expect them to, so over communicate the process initially.

6. ALWAYS hire top down even as a start up. Find ways to acquire the talent you need from the start.

The journey has been grueling yet rewarding in every way. Without the struggle there would be no value in the process.

If you're new to the startup world. Keep going. Take the lessons and use that experience to drive your vision forward.

You only fail if you give up.
â€¦more",15,1,0,,False,False,
Unknown,,Unknown,,0,0,0,,False,False,
Unknown,,Unknown,,0,0,0,,False,False,
Unknown,,Unknown,,0,0,0,,False,False,
Unknown,,Unknown,,0,0,0,,False,False,
Unknown,,Unknown,,0,0,0,,False,False,
Unknown,,Unknown,,0,0,0,,False,False,
Unknown,,Unknown,,0,0,0,,False,False,
Unknown,,Unknown,,0,0,0,,False,False,
Unknown,,Unknown,,0,0,0,,False,False,
Unknown,,Unknown,,0,0,0,,False,False,
Unknown,,Unknown,,0,0,0,,False,False,
Unknown,,Unknown,,0,0,0,,False,False,
Unknown,,Unknown,,0,0,0,,False,False,
Unknown,,Unknown,,0,0,0,,False,False,
"Aaron Golbin
Aaron Golbin",,"1yr â€¢ 
 1 year ago â€¢ Visible to anyone on or off LinkedIn",I had the privilage to provide commentary on Solanaâ€™s recent rise in Forbes. Check out the full article here:,22,2,0,article,False,True,https://www.forbes.com/sites/digital-assets/2024/02/29/solana-prices-surge-over-20-following-bitcoin-and-ether-gains/
"LvlUp Ventures
LvlUp Ventures",Aaron Golbin,"1yr â€¢ 
 1 year ago â€¢ Visible to anyone on or off LinkedIn",Our Managing Partner Aaron Golbin was quoted in Forbes for his commentary on the recent price movements and trends of Bitcoin. Check out the article here: https://lnkd.in/dVT9_jRX,19,0,4,article,False,True,https://www.forbes.com/sites/digital-assets/2024/02/28/bitcoin-falls-back-below-60000-after-epic-rally/
"Charles Lloyd Bovaird II
Charles Lloyd Bovaird II",Aaron Golbin,"1yr â€¢ 
 1 year ago â€¢ Visible to anyone on or off LinkedIn","https://lnkd.in/gqTnvkqw 
hashtag
#bitcoin 
hashtag
#cryptocurrency",3,2,0,article,False,True,https://www.forbes.com/sites/digital-assets/2024/02/28/bitcoin-falls-back-below-60000-after-epic-rally/?sh=348dcfc63276
"Aaron Golbin
Aaron Golbin",,"1yr â€¢ 
 1 year ago â€¢ Visible to anyone on or off LinkedIn","What a great way to spend an evening in Bel Air! Pleasure seeing our incredible LP Wendy Diamond, innovative founder Doug Evans, and team member Jacob Ringel.",58,4,2,image,True,False,
"LvlUp Ventures
LvlUp Ventures",Aaron Golbin,"1yr â€¢ 
 1 year ago â€¢ Visible to anyone on or off LinkedIn","ğŸŒŸ Celebrating Black History Month with Founder Stories! ğŸŒŸ
As Black History Month draws to a close, we're thrilled to unveil our third Founder Story - Join us in celebrating the incredible journey of Bishop B. Curry IV, a young innovator with a passion for saving lives. At just 11 years old, Bishop's determination to prevent tragic incidents of children left in hot cars led him to develop Oasisâ€”a revolutionary device designed to detect and cool overheated vehicles, potentially preventing heat-related fatalities.

Be sure to stay tuned for the bi-weekly launches that will be posted on our website and here on LinkedIn!



Here is the link to our new Founder Story about Bishop B. Curry IV â¤µ
â€¦more",15,0,3,,False,False,
"AnnRagan Kearns
AnnRagan Kearns",Aaron Golbin,"1yr â€¢ Edited â€¢ 
 1 year ago â€¢ Edited â€¢ Visible to anyone on or off LinkedIn","ETA- Iâ€™m all set with this request! Thanks to my LinkedIn community! 

ISO ğŸ‘€

Beauty friends- Iâ€™m on the lookout for a packaging team/ supplier that works with start ups / produces low MOQs- please tag your recs below or dm me directly! Looking to partner ASAP!
â€¦more",15,8,5,,False,False,
Unknown,,Unknown,,0,0,0,,False,False,
Unknown,,Unknown,,0,0,0,,False,False,
Unknown,,Unknown,,0,0,0,,False,False,
Unknown,,Unknown,,0,0,0,,False,False,
Unknown,,Unknown,,0,0,0,,False,False,
Unknown,,Unknown,,0,0,0,,False,False,
Unknown,,Unknown,,0,0,0,,False,False,
Unknown,,Unknown,,0,0,0,,False,False,
Unknown,,Unknown,,0,0,0,,False,False,
Unknown,,Unknown,,0,0,0,,False,False,
Unknown,,Unknown,,0,0,0,,False,False,
Unknown,,Unknown,,0,0,0,,False,False,
Unknown,,Unknown,,0,0,0,,False,False,
Unknown,,Unknown,,0,0,0,,False,False,
"Aaron Golbin
Aaron Golbin",,"1yr â€¢ 
 1 year ago â€¢ Visible to anyone on or off LinkedIn",Very excited about this Partnership between our Portfolio Company CrewLAB and USRowing to bring CrewLABâ€™s platform to every rowing team across the United States!,12,0,2,article,False,True,https://usrowing.org/news/2023/12/12/general-usrowing-embarks-on-an-exciting-new-journey-with-crewlab-to-revolutionize-team-management-and-training.aspx
"LvlUp Ventures
LvlUp Ventures",Aaron Golbin,"1yr â€¢ 
 1 year ago â€¢ Visible to anyone on or off LinkedIn","Trust is the core of our relationships. Balnce AI is the first AI Security Co-Pilot for omnichannel consumer relationships, marketing, and commerce - fusing advanced personal digital wallet agents with brand rewards, and marketplaces. We're excited to welcome this venture to NextUp Pre-Launch as they seek to help achieve greater security and balance in transactions.
â€¦more",9,0,3,,False,False,
"Adam Ned
Adam Ned",Aaron Golbin,"1yr â€¢ Edited â€¢ 
 1 year ago â€¢ Edited â€¢ Visible to anyone on or off LinkedIn","ğŸš€ Unlocking the Secret Sauce of Startup Fundraising: What Sets Successful Ventures Apart? ğŸŒŸ

Ever wondered what propels some startups to secure game-changing funding while others struggle to gain traction? ğŸ” Let's delve into the vital ingredients that fuel fundraising success and set remarkable ventures apart from the crowd!

ğŸ”‘ Compelling Vision & Storytelling: Behind every successful startup is a visionary narrative that captivates investors. Just likeandled by Elon Musk, compelling storytelling drives investment interest.

ğŸš€ Strong Value Proposition: Addressing a market need is pivotal. Think of howrevolutionized transportation, showcasing a seamless solution that investors couldn't resist!

ğŸ¯ Traction & Milestones: Achieving significant milestones speaks volumes. Remember howcaptured rapid user growth, setting the stage for an impressive acquisition?

ğŸ¤ Team & Execution: The dream team matters! Considerand, where a stellar team executed groundbreaking ideas, a magnet for investor confidence.

ğŸ’¡ Market Opportunity: Identifying a massive market is a catalyst. Just likeseizing the need for better workplace communication tools, capturing investor attention.

ğŸ¤ Networking & Relationships: Building bridges matters. Engage in networking, forge connections, and watch how it shapes funding opportunities.

ğŸ” Adaptability & Resilience: Flexibility in the face of challenges is key. Thinkand its pivot from DVDs to streaming, showcasing resilience and adaptability.

ğŸš€ğŸ’¼ Elevating your startup's fundraising game involves blending these elements with precision. It's not just about a pitch; it's about crafting a narrative that ignites investor passion and belief in your vision! ğŸŒŸâœ¨

ğŸš€ğŸ’¡ Share your thoughts! What other elements do you believe drive startup fundraising success? Let's spark a conversation that fuels innovation!

ğŸ”¥ğŸ’¬
â€¦more",29,4,5,,False,False,
"LvlUp Ventures
LvlUp Ventures",Aaron Golbin,"1yr â€¢ 
 1 year ago â€¢ Visible to anyone on or off LinkedIn","ğŸš€ Join Our Investor Community! ğŸš€

Are you ready to level up your investment game? At LvlUp Ventures, we're thrilled to invite you to join our exclusive Investor Communityâ€”an unparalleled opportunity to connect, collaborate, and capitalize on the next big ventures.

ğŸŒŸ What You Gain:
Access to a Vibrant Slack Community: Join 1500+ Investors, Founders, and Scouts in an engaging environment ripe for networking and knowledge sharing.

Exclusive Investor Slack Channel: Discuss insights, trends, and opportunities with like-minded investors focused on growth and success.

Curated Dealflow: Gain access to meticulously curated investment opportunities tailored to your focus and preferences.

ğŸ” About Us:
LvlUp Ventures is an early-stage value-add VC with a robust network of 700+ scouts and a thriving investor community. We're dedicated to empowering investors, fostering connections, and facilitating strategic investments in groundbreaking startups.

Join us and be at the forefront of the next wave of innovation! Elevate your investment portfolio with our unparalleled community support and access to curated opportunities.

Ready to LvlUp your investments? Join our community here:

â€¦more",21,1,7,image,True,False,
"Adam Ned
Adam Ned",Aaron Golbin,"1yr â€¢ 
 1 year ago â€¢ Visible to anyone on or off LinkedIn","ğŸš€Unlock Access to 6,500 Family Offices and Supercharge Your Investment Network!ğŸš€

We've meticulously curated a game-changing database of 6,500+ Family Offices â€“ your gateway to powerful connections and opportunities.

Get an exclusive inside look into:
âœ… Single-Family Offices
âœ… Multi-Family Offices

Each entry includes key details like:
ğŸ¤¼ Key Contacts
ğŸ“§ Contact Information
ğŸŒ Website Links
...and much more!

To gain access:
1ï¸âƒ£ Tag an Investor or Founder below!
2ï¸âƒ£ ğŸ”¥ Join thevibrant slack community of 1,500+ Investors, Founders, & Fund Managers by signing up here:

Once you've completed step two, you will be immediately sent access to the Database!

Don't miss this opportunity to skyrocket your connections and investing potential! Sign up now and let's amplify success together. ğŸŒŸ

â€¦more",47,30,5,image,True,False,
"Aaron Golbin
Aaron Golbin",,"1yr â€¢ Edited â€¢ 
 1 year ago â€¢ Edited â€¢ Visible to anyone on or off LinkedIn","Weâ€™re pleased to announce NextUpâ€™s exclusive Demo Day. If youâ€™re an entrepreneur, investor, or member of the media, request a limited invite using this link:.Zachary Schenkler
â€¦more",31,5,4,image,True,False,
Unknown,,Unknown,,0,0,0,,False,False,
Unknown,,Unknown,,0,0,0,,False,False,
Unknown,,Unknown,,0,0,0,,False,False,
Unknown,,Unknown,,0,0,0,,False,False,
Unknown,,Unknown,,0,0,0,,False,False,
Unknown,,Unknown,,0,0,0,,False,False,
Unknown,,Unknown,,0,0,0,,False,False,
Unknown,,Unknown,,0,0,0,,False,False,
Unknown,,Unknown,,0,0,0,,False,False,
Unknown,,Unknown,,0,0,0,,False,False,
Unknown,,Unknown,,0,0,0,,False,False,
Unknown,,Unknown,,0,0,0,,False,False,
Unknown,,Unknown,,0,0,0,,False,False,
Unknown,,Unknown,,0,0,0,,False,False,
"Aaron Golbin
Aaron Golbin",,"1yr â€¢ 
 1 year ago â€¢ Visible to anyone on or off LinkedIn","Iâ€™m hiring Venture Capital (VC) Interns to join our team at LvlUp Ventures to support startup analysis, market research, operations, partner outreach, and other activities at NextUp, the firmâ€™s hybrid startup accelerator-venture studio which is transforming how startups can go to market and writing checks in the most promising ones. Are you or someone you know interested? If so, please apply through this job post:.
â€¦more",10,1,0,,False,False,
"ProLeague.gg
ProLeague.gg",Aaron Golbin,"1yr â€¢ 
 1 year ago â€¢ Visible to anyone on or off LinkedIn","ğŸ“£ Meet our Chief Marketing Officer, Brian Rowe! ğŸ¥³

We're thrilled to welcome Brian Cooper Rowe, our marketing whizz ğŸ§ . Past work includes,,,, andâ€” bringing extensive industry expertise to ProLeague ğŸ®.

With 20+ years in enterprise-level gaming biz strategies, he excels in building partnerships with multinational brands, agencies, and studios ğŸ”—. His winning combo? Tech strategy, relationship building, and enterprising solutions ğŸ’¼.

Consistently nailing global marketing campaigns, Brian's track record speaks for itself ğŸ‘. His specialties? User Acquisition, Corporate Development, and Business Development.

Super excited to have Brian join theteam ğŸ¤. With his wisdom, we're amped up to rack up victories and stride toward our future goals ğŸ’ª
â€¦more",39,16,2,image,True,False,
"Adam Ned
Adam Ned",Aaron Golbin,"1yr â€¢ 
 1 year ago â€¢ Visible to anyone on or off LinkedIn","We're 
hashtag
#hiring a Venture Associate Intern! 

LvlUp Ventures is on the lookout for talented individuals to join our team. If you're passionate about technology, finance, entrepreneurship, and venture capital, and you're eager to level up your career in this dynamic field, we want to hear from you!

We're currently hiring for a Venture Associate Intern position. As part of our team, you'll have the opportunity to work on exciting early-stage investments, support fund operations, and assist startups in their growth journey.

If you're a self-starter with strong analytical and communication skills, and you're ready to take the next step in your career, we encourage you to apply. Join us as we embark on an exciting adventure in the world of
!
â€¦more",54,3,9,,False,False,
"Aaron Golbin
Aaron Golbin",,"1yr â€¢ Edited â€¢ 
 1 year ago â€¢ Edited â€¢ Visible to anyone on or off LinkedIn","Thrilled to have Studious be a part of the NextUp by LvlUp Ventures Community as they roll out to big 10 accounting and major technology companies â€” delivering a better way for their employees to prepare for popular exams by leveraging gamification and AI!
â€¦more",14,1,0,image,True,False,
"Adam Ned
Adam Ned",Aaron Golbin,"1yr â€¢ Edited â€¢ 
 1 year ago â€¢ Edited â€¢ Visible to anyone on or off LinkedIn","ğŸˆ The NFL's Touchdown in Venture Capital: A Winning Strategy ğŸˆ 

ğŸ‘‰ Introduction: The National Football League (NFL), long known for its on-field excellence, has also demonstrated a keen business acumen off the gridiron. One of the league's most intriguing off-field endeavors has been its foray into venture capital. This case study delves into the NFL's venture capital initiatives, exploring how the league has leveraged its brand, resources, and partnerships to score big in the world of
and
.

ğŸ’¼ Venture Capital Investments: The NFL, through its rather secretive venture arm 32 Equity, started making strategic investments in promising startups. These investments encompass various sectors within the sports and entertainment industry, from health and wellness tech to media and content delivery platforms. One notable investment is in, a leading sports merchandise retailer, which has become a unicorn. This investment allowed the NFL to tap into the rapidly growing e-commerce market while expanding its fan engagement capabilities.

ğŸ¤ Strategic Partnerships: Beyond direct investments, the NFL fostered strategic partnerships with tech giants like
and
. These partnerships not only enhanced the league's digital infrastructure but also helped develop cutting-edge solutions for in-game analytics, fan experiences, and content delivery. The NFL's partnership with Amazon Web Services (AWS) resulted in the Next Gen Stats platform, which revolutionized how football data is collected and analyzed, providing fans with a deeper understanding of the game.

ğŸ“º Brand Synergy: The NFL leveraged its brand equity to attract startups seeking credibility and visibility. Entrepreneurs saw the NFL as a trusted partner that could help accelerate their growth by providing access to a vast and engaged fan base. This brand synergy created a win-win situation, as the NFL gained access to innovative technologies while startups received invaluable exposure and support.

â›‘ Impact: The NFL's venture capital efforts have yielded substantial benefits. It has not only stayed ahead of the curve in terms of technology adoption but has also diversified its revenue streams. Investments in startups have contributed to the league's growing digital presence and fan engagement, while partnerships with tech giants have enhanced the in-game experience for fans and players alike.

Conclusion: The NFL's
journey exemplifies how a traditional sports league can successfully navigate the startup landscape. By making strategic investments, forming key partnerships, and capitalizing on its brand strength, the
has not only embraced innovation but has also paved the way for other sports organizations to follow suit. In the dynamic world of venture capital, the NFL has proven that even the biggest players on the field can score big off it through smart investments and partnerships.
â€¦more",34,5,3,,False,False,
"Aaron Golbin
Aaron Golbin",,"1yr â€¢ 
 1 year ago â€¢ Visible to anyone on or off LinkedIn","Proud to be featured alongside Brandon Maier in Traded: Venture Capital, the largest Venture Capital Social Media Page, which covers news across the VC and startup landscapes for the launch and large growth of NextUp by! As we â€œupcelerateâ€ pre-launch startups, delivering value to these ventures and playing a part in helping build impactful, innovative products in the technology space, NextUp is focused on transforming the way that startups go to market through our personalized approach. Onwards and upwards as we expand our portfolio and continue to help launch and position well for scalability â€” and soon invest in â€” impactful, innovative companies!
â€¦more",30,0,5,image,True,False,
Unknown,,Unknown,,0,0,0,,False,False,
Unknown,,Unknown,,0,0,0,,False,False,
Unknown,,Unknown,,0,0,0,,False,False,
Unknown,,Unknown,,0,0,0,,False,False,
Unknown,,Unknown,,0,0,0,,False,False,
Unknown,,Unknown,,0,0,0,,False,False,
Unknown,,Unknown,,0,0,0,,False,False,
Unknown,,Unknown,,0,0,0,,False,False,
Unknown,,Unknown,,0,0,0,,False,False,
Unknown,,Unknown,,0,0,0,,False,False,
Unknown,,Unknown,,0,0,0,,False,False,
Unknown,,Unknown,,0,0,0,,False,False,
Unknown,,Unknown,,0,0,0,,False,False,
Unknown,,Unknown,,0,0,0,,False,False,
"Aaron Golbin
Aaron Golbin",,"2yr â€¢ Edited â€¢ 
 2 years ago â€¢ Edited â€¢ Visible to anyone on or off LinkedIn","Deepfakes, an AI-powered technology that produces digitally altered images and videos which make one appear and sound like someone else â€” whether that be politicians, celebraties, or your friend â€” are on the rise.

Here are the issues that we need to focus on and prevent in my opinion -

1) Deepfakes becoming a large portion of the content online, causing widespread false information and decreasing the reliability of news everywhere.

2) The technology can lead to authoritarianism, as governments may decide to only allow state-run or approved media, for good or bad motives, due to deepfakes causing rampant disinformation about a variety of topics and then deciding that is the solution that they should implement.

3) Large Media companies â€” some of which are corrupt â€” vouching for only their content to be viewed with the goal of shrinking the size of smaller, but high-quality news sources and social media platforms where people view information and opinions. They may make a largely misleading argument like â€œthe risk of deepfakes that exist in many of these places will sway public opinion based on false information.â€ If that happens, peopleâ€™s access to a largely accurate set of information from a variety of viewpoints and all sides of the aisle will be tremendously decreased or become non-existent.

How do we stop these things from happening?

We need to develop a public-private partnership that consists of strong regulations against deepfakes and similar emerging threats, as a result of largely good technology like AI and deep learning, and create measures to stop them from ever being posted.

â€¦more",14,4,0,,False,False,
"Aaron Golbin
Aaron Golbin",,"2yr â€¢ Edited â€¢ 
 2 years ago â€¢ Edited â€¢ Visible to anyone on or off LinkedIn","Being an entrepreneur for over 9 years â€” taking multiple startups that I founded from 0 to 1 including DebateIsland.com â€” and now also a corporate innovator, Iâ€™m frequently asked for strategic advice by companies and startups on Strategy, Product Management, Product Development, and GTM.

Helping entrepreneurs and ventures, from seed-stage startups to those emerging on Series A to multi-billion-dollar companies, be successful is one of my biggest passions.

Iâ€™m very excited to help even more entrepreneurs and business leaders in my new endeavor, being an Expert in. I also look forward to working alongside other entrepreneurs and executives who are experts there like(Co-Founder of),(Co-Founder of),(Former Head of Product of), and(Editor-in-Chief of Entrepreneur).

I canâ€™t wait to talk to entrepreneurs, executives, investors, and others with the goal of helping them in their business journeys! Want to chat? Schedule a meeting at
â€¦more",35,3,0,article,False,True,http://intro.co/AaronGolbin
"Future Change Makers Academy (F.C.M.A)
Future Change Makers Academy (F.C.M.A)",Aaron Golbin,"2yr â€¢ 
 2 years ago â€¢ Visible to anyone on or off LinkedIn","Year 2!! 
hashtag
#fcmacademy
:
Future Change Makers Academy (F.C.M.A) is back again at thefor their annual Kids Week event. We will be there on Saturday February 18th - Sunday February 19th, so mark your calendarsâ€¼ï¸
:
We are in need of volunteers to help with our booth. If you are or know someone who is interested in volunteering, please email:
:
As a volunteer, lunch, snack, FCMA packet, T-shirt and gift bag will be provided. Youâ€™ll be needed from 9 AM - 5 PMğŸ™ğŸ¾
:
Please SHAREâ€¼ï¸ We look forward to hearing from youğŸ¤—
:
â€¦more",2,0,0,image,True,False,
"Aaron Golbin
Aaron Golbin",,"2yr â€¢ Edited â€¢ 
 2 years ago â€¢ Edited â€¢ Visible to anyone on or off LinkedIn","DebateIsland is actively 
hashtag
#hiring across our DebateIsland.com Public Platform and Education Technology Businesses. One of the Positions that we are hiring for is focused on driving Advertisements (Ads) revenue, specifically in North America and EMEA. Are you interested or do you know someone that might be? Apply today to work in a leading Technology enterprise!
â€¦more",10,0,0,,False,False,
"Aaron Golbin
Aaron Golbin",,"2yr â€¢ Edited â€¢ 
 2 years ago â€¢ Edited â€¢ Visible to anyone on or off LinkedIn","Iâ€™m excited to announce that I am now a Mentor and Advisor at Newchip Accelerator, the largest online Venture Accelerator in the World and a leading Venture Capital Firm. Newchip helps Startups grow and invests in Companies in pre-seed, seed, and Series A. Their growing Portfolio of Startups is valued at over $15 Billion as of 2022.

I mentor and advise Startups in the technology, media, and telecommunications (TMT) industries on strategy, product development, technology, and Go-To-Market (GTM).

I look forward to continuing my current roles, including CEO ofand The American Post and Business Strategist at Noblis.
â€¦more",49,22,0,,False,False,
"Aaron Golbin
Aaron Golbin",,"2yr â€¢ 
 2 years ago â€¢ Visible to anyone on or off LinkedIn","Learned a very interesting concept today about making Marketing Advertisements viral through storytelling. It can make Readers be engaged and share the Ad. Look forward to incorporating that to The American Postâ€™s Marketing!
â€¦more",4,1,0,,False,False,
Unknown,,Unknown,,0,0,0,,False,False,
Unknown,,Unknown,,0,0,0,,False,False,
Unknown,,Unknown,,0,0,0,,False,False,
Unknown,,Unknown,,0,0,0,,False,False,
Unknown,,Unknown,,0,0,0,,False,False,
Unknown,,Unknown,,0,0,0,,False,False,
Unknown,,Unknown,,0,0,0,,False,False,
Unknown,,Unknown,,0,0,0,,False,False,
Unknown,,Unknown,,0,0,0,,False,False,
Unknown,,Unknown,,0,0,0,,False,False,
Unknown,,Unknown,,0,0,0,,False,False,
"Aaron Golbin
Aaron Golbin",,"3yr â€¢ Edited â€¢ 
 3 years ago â€¢ Edited â€¢ Visible to anyone on or off LinkedIn","Iâ€™m extremely excited to announce that I just launched a new startup, The American Post (The American Post)! This media and technology company is pioneering opinion article aggregation and curation by providing an easy-to-use online experience for people to read political opinions from many ideologies on numerous political topics (45). Weâ€™re the source for political opinion articles and we publish our own high-qualify, in-depth opinion pieces. Please check it out on!
â€¦more",22,6,0,,False,False,
"Aaron Golbin
Aaron Golbin",,"3yr â€¢ Edited â€¢ 
 4 years ago â€¢ Edited â€¢ Visible to anyone on or off LinkedIn","Iâ€™m very excited to announce that I joined POWAN Initiative, a new and quickly growing 501(c)(3) nonprofit organization that is revolutionizing education by providing the first and only free, live, personalized online education experience to K-12 students for a variety of topics, academic and personal. Iâ€™m leading POWAN Initiativeâ€™s strategy with responsibilities including shaping the organizationâ€™s long-term strategy and helping it execute its plan to get there.
â€¦more",18,8,0,,False,False,
"Aaron Golbin
Aaron Golbin",,"3yr â€¢ 
 4 years ago â€¢ Visible to anyone on or off LinkedIn","Check out my latest interview on Bold TV with David Grasso! 

Video -



Article -

â€¦more",14,4,2,article,False,True,https://boldtv.com/albertoa/2021/06/12/this-gen-z-entrepreneur-created-a-civil-debate-platform/?utm_source=rss&utm_medium=rss&utm_campaign=this-gen-z-entrepreneur-created-a-civil-debate-platform
"Aaron Golbin
Aaron Golbin",,"3yr â€¢ 
 4 years ago â€¢ Visible to anyone on or off LinkedIn","Iâ€™m very excited to announce that I will be attending The George Washington University beginning this fall where I will be majoring in Business with concentrations in Information Systems and Technology Management and Entrepreneurship and Innovation and minoring in Computer Science! Iâ€™m very excited to go to The George Washington University and further my education in the topics that Iâ€™m passionate about: Technology, Business, and Entrepreneurship.
â€¦more",29,8,0,,False,False,
"Aaron Golbin
Aaron Golbin",,"4yr â€¢ Edited â€¢ 
 4 years ago â€¢ Edited â€¢ Visible to anyone on or off LinkedIn","Check out my latest Vodcast (video podcast) interview with UpNext Startups at https://lnkd.in/dJZj_Jy, where I discuss DebateIsland.com, LostCry.com, my entrepreneurial journey, advice for entrepreneurs, and much more!
â€¦more",18,0,0,article,False,True,https://youtu.be/3ZYbYwFaBCY
"Aaron Golbin
Aaron Golbin",,"4yr â€¢ 
 4 years ago â€¢ Visible to anyone on or off LinkedIn","DebateIsland is now the largest online debate platform in the world by activity! As we celebrate this huge milestone, weâ€™re making DebateIsland into a more social online debating experience and are developing initiatives that will rapidly increase our growth.",7,8,0,,False,False,
Unknown,,Unknown,,0,0,0,,False,False,
Unknown,,Unknown,,0,0,0,,False,False,
Unknown,,Unknown,,0,0,0,,False,False,
Unknown,,Unknown,,0,0,0,,False,False,
Unknown,,Unknown,,0,0,0,,False,False,
Unknown,,Unknown,,0,0,0,,False,False,
Unknown,,Unknown,,0,0,0,,False,False,
Unknown,,Unknown,,0,0,0,,False,False,
Unknown,,Unknown,,0,0,0,,False,False,
Unknown,,Unknown,,0,0,0,,False,False,
Unknown,,Unknown,,0,0,0,,False,False,
Unknown,,Unknown,,0,0,0,,False,False,
Unknown,,Unknown,,0,0,0,,False,False,
"Aaron Golbin
Aaron Golbin",,"7yr â€¢ 
 8 years ago â€¢ Visible to anyone on or off LinkedIn","Was featured in an Inc.com article! Check it out.
https://lnkd.in/dPhP6TT",2,0,0,article,False,True,https://www.inc.com/james-sudakow/what-this-13-year-old-entrepreneur-teaches-us-abou.html
"Aaron Golbin
Aaron Golbin",,"7yr â€¢ 
 8 years ago â€¢ Visible to anyone on or off LinkedIn",Interesting read.,0,0,0,article,False,True,http://www.businessinsider.com/mark-cuban-credit-card-debt-2017-8
"Aaron Golbin
Aaron Golbin",,"7yr â€¢ 
 8 years ago â€¢ Visible to anyone on or off LinkedIn",,1,0,0,article,False,True,http://www.wsj.com/video/the-great-american-eclipse-what-to-expect-on-aug-21/FF61157D-91D0-4CB0-8005-D8CE905D1F6F.html?mod=trending_now_video_1
"Aaron Golbin
Aaron Golbin",,"8yr â€¢ 
 8 years ago â€¢ Visible to anyone on or off LinkedIn","Hey everybody,
I just launched an official personal twitter account! 
Please check it out-


DebateIsland Twitter-


DebateIsland Instagram-
â€¦more",2,0,0,article,False,True,https://mobile.twitter.com/Aarongolbin
"Aaron Golbin
Aaron Golbin",,"8yr â€¢ 
 8 years ago â€¢ Visible to anyone on or off LinkedIn","I'm happy to announce that DebateIsland.com is rapidly growing and just published it's first newsletter. 
https://t.co/qXX1TqhrWR",5,0,0,article,False,True,http://debateisland.com/
"Aaron Golbin
Aaron Golbin",,"8yr â€¢ 
 9 years ago â€¢ Visible to anyone on or off LinkedIn","DebateIsland.com Received The ""International Web Awards, 2017 Excellent Website Award."" 
Congratulations DebateIsland.com!
â€¦more",4,2,0,image,True,False,
Unknown,,Unknown,,0,0,0,,False,False,
Unknown,,Unknown,,0,0,0,,False,False,
Unknown,,Unknown,,0,0,0,,False,False,
Unknown,,Unknown,,0,0,0,,False,False,
"Aaron Golbin
Aaron Golbin",,"8yr â€¢ 
 9 years ago â€¢ Visible to anyone on or off LinkedIn",Check Out My Presentation. It Covers Multiple Biotechnology Companies!,0,0,0,article,False,True,https://www.slideshare.net/AaronGolbin/nwbo-and-imuc-should-you-invest-65095140
"Aaron Golbin
Aaron Golbin",,"8yr â€¢ 
 9 years ago â€¢ Visible to anyone on or off LinkedIn",I just added a SlideShare to my profile,0,0,0,article,False,True,https://www.slideshare.net/AaronGolbin/nwbo-and-imuc-should-you-invest-65095140
"Aaron Golbin
Aaron Golbin",,"8yr â€¢ 
 9 years ago â€¢ Visible to anyone on or off LinkedIn",You can find DebateIsland at www.debateisland.com!,0,0,0,,False,False,
"Aaron Golbin
Aaron Golbin",,"8yr â€¢ 
 9 years ago â€¢ Visible to anyone on or off LinkedIn",DebateIsland BETA is officially live on the World Wide Web!,5,0,0,,False,False,
"Aaron Golbin
Aaron Golbin",,"8yr â€¢ 
 9 years ago â€¢ Visible to anyone on or off LinkedIn",,1,0,0,article,False,True,https://www.linkedin.com/company/debateisland
"Aaron Golbin
Aaron Golbin",,"9yr â€¢ 
 9 years ago â€¢ Visible to anyone on or off LinkedIn",Companies have relied on corporate social responsibility (CSR) to govern their relationships with society for the past 20 years. But this hasn't been working.,1,0,0,article,False,True,http://trib.al/hpPd77Q
